Confident,Execution Time,ROC AUC,PR AUC,Precision,Recall,F1-Score,Accuracy
0.5,0.002555870686573957,0.82542911484401,0.7648258548256185,0.8102905600824987,0.8523354225165772,0.830781371297324,0.8255582010582011
