Confident,Execution Time,ROC AUC,PR AUC,Precision,Recall,F1-Score,Accuracy
0.5,0.001692873331437628,0.7775348295532314,0.7193399234598454,0.7851840035340458,0.7670554669799446,0.7760138740661686,0.7774819277108433
